"Agent name","Agent email","Order id",Amount,"Transaction for"
"Admin Agent",adminagent@gmail.com,ORDER026512,40,Commission
"Admin Agent",adminagent@gmail.com,ORDER026497,20,Commission
"Admin Agent",adminagent@gmail.com,ORDER025084,20,Commission
"Admin Agent",adminagent@gmail.com,ORDER023345,50,Commission
"Admin Agent",adminagent@gmail.com,ORDER023250,5,Commission
"Admin Agent",adminagent@gmail.com,ORDER023222,20,Commission
"Admin Agent",adminagent@gmail.com,ORDER023221,5,Commission
"Admin Agent",adminagent@gmail.com,ORDER022788,8,Commission
"Admin Agent",adminagent@gmail.com,ORDER022512,5,Commission
"Admin Agent",adminagent@gmail.com,ORDER021832,14,Commission
"Admin Agent",adminagent@gmail.com,ORDER022020,40,Commission
"Admin Agent",adminagent@gmail.com,ORDER022000,10,Commission
"Admin Agent",adminagent@gmail.com,ORDER021566,20,Commission
"Admin Agent",adminagent@gmail.com,ORDER021219,200,Commission
"Admin Agent",adminagent@gmail.com,ORDER021168,10,Commission
"Admin Agent",adminagent@gmail.com,ORDER021173,10,Commission
"Admin Agent",adminagent@gmail.com,ORDER021117,5,Commission
"Admin Agent",adminagent@gmail.com,ORDER020580,5,Commission
"Admin Agent",adminagent@gmail.com,ORDER019083,30,Commission
"Admin Agent",adminagent@gmail.com,ORDER019798,15,Commission
"Admin Agent",adminagent@gmail.com,ORDER012976,5,Commission
"Admin Agent",adminagent@gmail.com,ORDER019015,15,Commission
"Admin Agent",adminagent@gmail.com,ORDER018980,4,Commission
"Admin Agent",adminagent@gmail.com,ORDER018448,5,Commission
"Admin Agent",adminagent@gmail.com,ORDER017422,5,Commission
"Admin Agent",adminagent@gmail.com,ORDER017183,30,Commission
"Admin Agent",adminagent@gmail.com,ORDER016902,30,Commission
"Admin Agent",adminagent@gmail.com,ORDER016399,5,Commission
"Admin Agent",adminagent@gmail.com,ORDER015608,8,Commission
"Admin Agent",adminagent@gmail.com,ORDER015150,15,Commission
"Admin Agent",adminagent@gmail.com,ORDER015606,5,Commission
"Admin Agent",adminagent@gmail.com,ORDER014891,30,Commission
"Admin Agent",adminagent@gmail.com,ORDER015182,5,Commission
"Admin Agent",adminagent@gmail.com,ORDER015349,5,Commission
"Admin Agent",adminagent@gmail.com,ORDER014640,5,Commission
"Admin Agent",adminagent@gmail.com,ORDER014404,5,Commission
"Admin Agent",adminagent@gmail.com,ORDER014360,60,Commission
"Admin Agent",adminagent@gmail.com,ORDER014338,5,Commission
"Admin Agent",adminagent@gmail.com,ORDER013919,30,Commission
"Admin Agent",adminagent@gmail.com,ORDER013285,6,Commission
"Admin Agent",adminagent@gmail.com,ORDER013480,5,Commission
"Admin Agent",adminagent@gmail.com,ORDER013430,15,Commission
"Admin Agent",adminagent@gmail.com,ORDER013195,6,Commission
"Admin Agent",adminagent@gmail.com,ORDER012787,20,Commission
"Admin Agent",adminagent@gmail.com,ORDER012369,20,Commission
"Admin Agent",adminagent@gmail.com,ORDER012531,5,Commission
"Admin Agent",adminagent@gmail.com,ORDER012347,15,Commission
"Admin Agent",adminagent@gmail.com,ORDER012269,10,Commission
"Admin Agent",adminagent@gmail.com,ORDER012491,30,Commission
"Admin Agent",adminagent@gmail.com,ORDER012312,5,Commission
"Admin Agent",adminagent@gmail.com,ORDER012355,10,Commission
"Admin Agent",adminagent@gmail.com,ORDER012319,5,Commission
"Admin Agent",adminagent@gmail.com,ORDER012296,5,Commission
"Admin Agent",adminagent@gmail.com,ORDER011820,20,Commission
"Admin Agent",adminagent@gmail.com,ORDER011767,5,Commission
"Admin Agent",adminagent@gmail.com,ORDER012135,10,Commission
"Admin Agent",adminagent@gmail.com,ORDER012005,10,Commission
"Admin Agent",adminagent@gmail.com,ORDER012126,20,Commission
"Admin Agent",adminagent@gmail.com,ORDER011828,20,Commission
"Admin Agent",adminagent@gmail.com,ORDER012029,30,Commission
"Admin Agent",adminagent@gmail.com,ORDER011436,15,Commission
"Admin Agent",adminagent@gmail.com,ORDER011938,10,Commission
"Admin Agent",adminagent@gmail.com,ORDER010911,30,Commission
"Admin Agent",adminagent@gmail.com,ORDER011503,20,Commission
"Admin Agent",adminagent@gmail.com,ORDER011521,5,Commission
"Admin Agent",adminagent@gmail.com,ORDER011570,15,Commission
"Admin Agent",adminagent@gmail.com,ORDER010950,10,Commission
"Admin Agent",adminagent@gmail.com,ORDER011371,10,Commission
"Admin Agent",adminagent@gmail.com,ORDER011240,5,Commission
"Admin Agent",adminagent@gmail.com,ORDER011062,10,Commission
"Admin Agent",adminagent@gmail.com,ORDER011036,10,Commission
"Admin Agent",adminagent@gmail.com,ORDER010938,10,Commission
"Admin Agent",adminagent@gmail.com,ORDER010809,20,Commission
"Admin Agent",adminagent@gmail.com,ORDER010731,10,Commission
"Admin Agent",adminagent@gmail.com,ORDER010624,10,Commission
"Admin Agent",adminagent@gmail.com,ORDER010708,20,Commission
"Admin Agent",adminagent@gmail.com,ORDER010681,10,Commission
"Admin Agent",adminagent@gmail.com,ORDER010735,10,Commission
"Admin Agent",adminagent@gmail.com,ORDER010578,10,Commission
"Admin Agent",adminagent@gmail.com,ORDER010531,20,Commission
"Admin Agent",adminagent@gmail.com,ORDER010419,5,Commission
"Admin Agent",adminagent@gmail.com,ORDER010412,10,Commission
"Admin Agent",adminagent@gmail.com,ORDER010358,10,Commission
"Admin Agent",adminagent@gmail.com,ORDER010534,15,Commission
"Admin Agent",adminagent@gmail.com,ORDER010244,5,Commission
"Admin Agent",adminagent@gmail.com,ORDER010443,20,Commission
"Admin Agent",adminagent@gmail.com,ORDER010250,5,Commission
"Admin Agent",adminagent@gmail.com,ORDER010356,5,Commission
"Admin Agent",adminagent@gmail.com,ORDER010397,10,Commission
"Admin Agent",adminagent@gmail.com,ORDER010473,10,Commission
"Admin Agent",adminagent@gmail.com,ORDER010303,5,Commission
"Admin Agent",adminagent@gmail.com,ORDER010392,5,Commission
"Admin Agent",adminagent@gmail.com,ORDER010386,10,Commission
"Admin Agent",adminagent@gmail.com,ORDER010370,10,Commission
"Admin Agent",adminagent@gmail.com,ORDER010343,10,Commission
"Admin Agent",adminagent@gmail.com,ORDER009841,10,Commission
"Admin Agent",adminagent@gmail.com,ORDER010243,10,Commission
"Admin Agent",adminagent@gmail.com,ORDER010144,10,Commission
"Admin Agent",adminagent@gmail.com,ORDER010252,15,Commission
"Admin Agent",adminagent@gmail.com,ORDER010237,10,Commission
"Admin Agent",adminagent@gmail.com,ORDER010195,10,Commission
"Admin Agent",adminagent@gmail.com,ORDER010170,10,Commission
"Admin Agent",adminagent@gmail.com,ORDER010177,10,Commission
"Admin Agent",adminagent@gmail.com,ORDER009867,20,Commission
"Admin Agent",adminagent@gmail.com,ORDER010026,10,Commission
"Admin Agent",adminagent@gmail.com,ORDER010106,10,Commission
"Admin Agent",adminagent@gmail.com,ORDER010071,10,Commission
"Admin Agent",adminagent@gmail.com,ORDER010052,20,Commission
"Admin Agent",adminagent@gmail.com,ORDER009953,10,Commission
"Admin Agent",adminagent@gmail.com,ORDER010054,5,Commission
"Admin Agent",adminagent@gmail.com,ORDER009943,5,Commission
"Admin Agent",adminagent@gmail.com,ORDER010020,10,Commission
"Admin Agent",adminagent@gmail.com,ORDER009999,10,Commission
"Admin Agent",adminagent@gmail.com,ORDER009956,10,Commission
"Admin Agent",adminagent@gmail.com,ORDER009991,10,Commission
"Admin Agent",adminagent@gmail.com,ORDER009918,10,Commission
"Admin Agent",adminagent@gmail.com,ORDER009628,10,Commission
"Admin Agent",adminagent@gmail.com,ORDER009862,10,Commission
"Admin Agent",adminagent@gmail.com,ORDER009948,5,Commission
"Admin Agent",adminagent@gmail.com,ORDER009837,10,Commission
"Admin Agent",adminagent@gmail.com,ORDER009856,10,Commission
"Admin Agent",adminagent@gmail.com,ORDER009496,10,Commission
"Admin Agent",adminagent@gmail.com,ORDER009754,50,Commission
"Admin Agent",adminagent@gmail.com,ORDER009498,20,Commission
"Admin Agent",adminagent@gmail.com,ORDER009429,10,Commission
"Admin Agent",adminagent@gmail.com,ORDER009309,10,Commission
"Admin Agent",adminagent@gmail.com,ORDER009447,10,Commission
"Admin Agent",adminagent@gmail.com,ORDER009457,10,Commission
"Admin Agent",adminagent@gmail.com,ORDER009418,10,Commission
"Admin Agent",adminagent@gmail.com,ORDER009248,5,Commission
"Admin Agent",adminagent@gmail.com,ORDER009234,10,Commission
"Admin Agent",adminagent@gmail.com,ORDER009071,30,Commission
"Admin Agent",adminagent@gmail.com,ORDER009105,10,Commission
"Admin Agent",adminagent@gmail.com,ORDER008969,10,Commission
"Admin Agent",adminagent@gmail.com,ORDER008935,20,Commission
"Admin Agent",adminagent@gmail.com,ORDER009038,10,Commission
"Admin Agent",adminagent@gmail.com,ORDER008916,10,Commission
"Admin Agent",adminagent@gmail.com,ORDER008968,10,Commission
"Admin Agent",adminagent@gmail.com,ORDER008931,10,Commission
"Admin Agent",adminagent@gmail.com,ORDER008833,10,Commission
"Admin Agent",adminagent@gmail.com,ORDER008803,10,Commission
"Admin Agent",adminagent@gmail.com,ORDER008680,10,Commission
"Admin Agent",adminagent@gmail.com,ORDER008450,20,Commission
"Admin Agent",adminagent@gmail.com,ORDER008914,10,Commission
"Admin Agent",adminagent@gmail.com,ORDER008641,10,Commission
"Admin Agent",adminagent@gmail.com,ORDER008671,10,Commission
"Admin Agent",adminagent@gmail.com,ORDER008837,10,Commission
"Admin Agent",adminagent@gmail.com,ORDER007728,10,Commission
"Admin Agent",adminagent@gmail.com,ORDER008838,10,Commission
"Admin Agent",adminagent@gmail.com,ORDER008657,20,Commission
"Admin Agent",adminagent@gmail.com,ORDER008207,10,Commission
"Admin Agent",adminagent@gmail.com,ORDER008670,10,Commission
"Admin Agent",adminagent@gmail.com,ORDER007722,10,Commission
"Admin Agent",adminagent@gmail.com,ORDER008060,10,Commission
"Admin Agent",adminagent@gmail.com,ORDER008109,15,Commission
"Admin Agent",adminagent@gmail.com,ORDER008126,10,Commission
"Admin Agent",adminagent@gmail.com,ORDER008167,10,Commission
"Admin Agent",adminagent@gmail.com,ORDER008198,10,Commission
"Admin Agent",adminagent@gmail.com,ORDER008259,10,Commission
"Admin Agent",adminagent@gmail.com,ORDER007884,10,Commission
"Admin Agent",adminagent@gmail.com,ORDER007710,10,Commission
"Admin Agent",adminagent@gmail.com,ORDER007791,10,Commission
"Admin Agent",adminagent@gmail.com,ORDER007627,15,Commission
"Admin Agent",adminagent@gmail.com,ORDER008328,10,Commission
"Admin Agent",adminagent@gmail.com,ORDER008183,10,Commission
"Admin Agent",adminagent@gmail.com,ORDER008224,20,Commission
"Admin Agent",adminagent@gmail.com,ORDER008024,30,Commission
"Admin Agent",adminagent@gmail.com,ORDER007867,10,Commission
"Admin Agent",adminagent@gmail.com,ORDER007641,20,Commission
"Admin Agent",adminagent@gmail.com,ORDER007711,5,Commission
"Admin Agent",adminagent@gmail.com,ORDER007238,20,Commission
"Admin Agent",adminagent@gmail.com,ORDER007438,10,Commission
"Admin Agent",adminagent@gmail.com,ORDER007388,5,Commission
"Admin Agent",adminagent@gmail.com,ORDER007096,5,Commission
"Admin Agent",adminagent@gmail.com,ORDER007029,5,Commission
"Admin Agent",adminagent@gmail.com,ORDER006982,10,Commission
"Admin Agent",adminagent@gmail.com,ORDER006821,10,Commission
"Admin Agent",adminagent@gmail.com,ORDER006683,5,Commission
"Admin Agent",adminagent@gmail.com,ORDER006733,5,Commission
"Admin Agent",adminagent@gmail.com,ORDER006871,10,Commission
"Admin Agent",adminagent@gmail.com,ORDER006423,10,Commission
"Admin Agent",adminagent@gmail.com,ORDER006546,5,Commission
"Admin Agent",adminagent@gmail.com,ORDER005427,5,Commission
"Admin Agent",adminagent@gmail.com,ORDER006158,5,Commission
"Admin Agent",adminagent@gmail.com,ORDER006300,15,Commission
"Admin Agent",adminagent@gmail.com,ORDER006173,20,Commission
"Admin Agent",adminagent@gmail.com,ORDER006161,10,Commission
"Admin Agent",adminagent@gmail.com,ORDER005832,5,Commission
"Admin Agent",adminagent@gmail.com,ORDER005320,10,Commission
"Admin Agent",adminagent@gmail.com,ORDER005765,10,Commission
"Admin Agent",adminagent@gmail.com,ORDER005530,15,Commission
"Admin Agent",adminagent@gmail.com,ORDER005522,5,Commission
"Admin Agent",adminagent@gmail.com,ORDER005648,5,Commission
"Admin Agent",adminagent@gmail.com,ORDER005598,5,Commission
"Admin Agent",adminagent@gmail.com,ORDER005494,5,Commission
"Admin Agent",adminagent@gmail.com,ORDER005321,10,Commission
"Admin Agent",adminagent@gmail.com,ORDER005099,15,Commission
"Admin Agent",adminagent@gmail.com,ORDER004598,10,Commission
"Admin Agent",adminagent@gmail.com,ORDER005323,10,Commission
"Admin Agent",adminagent@gmail.com,ORDER005329,20,Commission
"Admin Agent",adminagent@gmail.com,ORDER005227,10,Commission
"Admin Agent",adminagent@gmail.com,ORDER005326,10,Commission
"Admin Agent",adminagent@gmail.com,ORDER005108,15,Commission
"Admin Agent",adminagent@gmail.com,ORDER005396,5,Commission
"Admin Agent",adminagent@gmail.com,ORDER005355,10,Commission
"Admin Agent",adminagent@gmail.com,ORDER005119,5,Commission
"Admin Agent",adminagent@gmail.com,ORDER005097,5,Commission
"Admin Agent",adminagent@gmail.com,ORDER005349,5,Commission
"Admin Agent",adminagent@gmail.com,ORDER005416,5,Commission
"Admin Agent",adminagent@gmail.com,ORDER004603,10,Commission
"Admin Agent",adminagent@gmail.com,ORDER005388,10,Commission
"Admin Agent",adminagent@gmail.com,ORDER005367,5,Commission
"Admin Agent",adminagent@gmail.com,ORDER005391,5,Commission
"Admin Agent",adminagent@gmail.com,ORDER004684,250,Commission
"Admin Agent",adminagent@gmail.com,ORDER005185,5,Commission
"Admin Agent",adminagent@gmail.com,ORDER005218,5,Commission
"Admin Agent",adminagent@gmail.com,ORDER004571,5,Commission
"Admin Agent",adminagent@gmail.com,ORDER004583,5,Commission
"Admin Agent",adminagent@gmail.com,ORDER005058,5,Commission
"Admin Agent",adminagent@gmail.com,ORDER005096,5,Commission
"Admin Agent",adminagent@gmail.com,ORDER005113,5,Commission
"Admin Agent",adminagent@gmail.com,ORDER005041,10,Commission
"Admin Agent",adminagent@gmail.com,ORDER004918,5,Commission
"Admin Agent",adminagent@gmail.com,ORDER004956,10,Commission
"Admin Agent",adminagent@gmail.com,ORDER005020,10,Commission
"Admin Agent",adminagent@gmail.com,ORDER005009,10,Commission
"Admin Agent",adminagent@gmail.com,ORDER004974,20,Commission
"Admin Agent",adminagent@gmail.com,ORDER004968,10,Commission
"Admin Agent",adminagent@gmail.com,ORDER004181,20,Commission
"Admin Agent",adminagent@gmail.com,ORDER004798,10,Commission
"Admin Agent",adminagent@gmail.com,ORDER003801,10,Commission
"Admin Agent",adminagent@gmail.com,ORDER005039,5,Commission
"Admin Agent",adminagent@gmail.com,ORDER004879,40,Commission
"Admin Agent",adminagent@gmail.com,ORDER004873,5,Commission
"Admin Agent",adminagent@gmail.com,ORDER004871,10,Commission
"Admin Agent",adminagent@gmail.com,ORDER004863,20,Commission
"Admin Agent",adminagent@gmail.com,ORDER004839,10,Commission
"Admin Agent",adminagent@gmail.com,ORDER004821,5,Commission
"Admin Agent",adminagent@gmail.com,ORDER004820,5,Commission
"Admin Agent",adminagent@gmail.com,ORDER004807,10,Commission
"Admin Agent",adminagent@gmail.com,ORDER004755,5,Commission
"Admin Agent",adminagent@gmail.com,ORDER004652,20,Commission
"Admin Agent",adminagent@gmail.com,ORDER004528,10,Commission
"Admin Agent",adminagent@gmail.com,ORDER004475,5,Commission
"Admin Agent",adminagent@gmail.com,ORDER004927,5,Commission
"Admin Agent",adminagent@gmail.com,ORDER004872,10,Commission
"Admin Agent",adminagent@gmail.com,ORDER004365,5,Commission
"Admin Agent",adminagent@gmail.com,ORDER004634,10,Commission
"Admin Agent",adminagent@gmail.com,ORDER004593,5,Commission
"Admin Agent",adminagent@gmail.com,ORDER004743,10,Commission
"Admin Agent",adminagent@gmail.com,ORDER004736,5,Commission
"Admin Agent",adminagent@gmail.com,ORDER004681,10,Commission
"Admin Agent",adminagent@gmail.com,ORDER004575,20,Commission
"Admin Agent",adminagent@gmail.com,ORDER004601,5,Commission
"Admin Agent",adminagent@gmail.com,ORDER004686,5,Commission
"Admin Agent",adminagent@gmail.com,ORDER004392,5,Commission
"Admin Agent",adminagent@gmail.com,ORDER004383,5,Commission
"Admin Agent",adminagent@gmail.com,ORDER004250,5,Commission
"Admin Agent",adminagent@gmail.com,ORDER004424,5,Commission
"Admin Agent",adminagent@gmail.com,ORDER004436,10,Commission
"Admin Agent",adminagent@gmail.com,ORDER004300,5,Commission
"Admin Agent",adminagent@gmail.com,ORDER004474,5,Commission
"Admin Agent",adminagent@gmail.com,ORDER004272,10,Commission
"Admin Agent",adminagent@gmail.com,ORDER004476,10,Commission
"Admin Agent",adminagent@gmail.com,ORDER003033,10,Commission
"Admin Agent",adminagent@gmail.com,ORDER004364,5,Commission
"Admin Agent",adminagent@gmail.com,ORDER004249,25,Commission
"Admin Agent",adminagent@gmail.com,ORDER004207,40,Commission
"Admin Agent",adminagent@gmail.com,ORDER004238,25,Commission
"Admin Agent",adminagent@gmail.com,ORDER004119,10,Commission
"Admin Agent",adminagent@gmail.com,ORDER004210,40,Commission
"Admin Agent",adminagent@gmail.com,ORDER004071,10,Commission
"Admin Agent",adminagent@gmail.com,ORDER004084,25,Commission
"Admin Agent",adminagent@gmail.com,ORDER004139,25,Commission
"Admin Agent",adminagent@gmail.com,ORDER003824,5,Commission
"Admin Agent",adminagent@gmail.com,ORDER003802,5,Commission
"Admin Agent",adminagent@gmail.com,ORDER003803,5,Commission
"Admin Agent",adminagent@gmail.com,ORDER003885,5,Commission
"Admin Agent",adminagent@gmail.com,ORDER003713,50,Commission
"Admin Agent",adminagent@gmail.com,ORDER003688,5,Commission
"Admin Agent",adminagent@gmail.com,ORDER003324,5,Commission
"Admin Agent",adminagent@gmail.com,ORDER003208,5,Commission
"Admin Agent",adminagent@gmail.com,ORDER003215,5,Commission
"Admin Agent",adminagent@gmail.com,ORDER003408,10,Commission
"Admin Agent",adminagent@gmail.com,ORDER003380,15,Commission
"Admin Agent",adminagent@gmail.com,ORDER000616,5,Commission
"Admin Agent",adminagent@gmail.com,ORDER003125,5,Commission
"Admin Agent",adminagent@gmail.com,ORDER003236,5,Commission
"Admin Agent",adminagent@gmail.com,ORDER003280,5,Commission
"Admin Agent",adminagent@gmail.com,ORDER003021,15,Commission
"Admin Agent",adminagent@gmail.com,ORDER003029,5,Commission
"Admin Agent",adminagent@gmail.com,ORDER002815,10,Commission
"Admin Agent",adminagent@gmail.com,ORDER002848,5,Commission
"Admin Agent",adminagent@gmail.com,ORDER003319,5,Commission
"Admin Agent",adminagent@gmail.com,ORDER003227,10,Commission
"Admin Agent",adminagent@gmail.com,ORDER002621,5,Commission
"Admin Agent",adminagent@gmail.com,ORDER002819,5,Commission
"Admin Agent",adminagent@gmail.com,ORDER002817,5,Commission
"Admin Agent",adminagent@gmail.com,ORDER002792,5,Commission
"Admin Agent",adminagent@gmail.com,ORDER003175,5,Commission
"Admin Agent",adminagent@gmail.com,ORDER002788,5,Commission
"Admin Agent",adminagent@gmail.com,ORDER002783,5,Commission
"Admin Agent",adminagent@gmail.com,ORDER002730,10,Commission
"Admin Agent",adminagent@gmail.com,ORDER002798,5,Commission
"Admin Agent",adminagent@gmail.com,ORDER002520,10,Commission
"Admin Agent",adminagent@gmail.com,ORDER002856,5,Commission
"Admin Agent",adminagent@gmail.com,ORDER002853,10,Commission
"Admin Agent",adminagent@gmail.com,ORDER002892,5,Commission
"Admin Agent",adminagent@gmail.com,ORDER002833,5,Commission
